vulnerability_found,vulnerability_type_matches,metadata_vulnerability_exists,expected_vuln_type,vulnerability found,vulnerability,vulnerable code,code fix,comment,,No issues found,issue
True,True,True,pathtraver,Yes,Path Traversal,fileName = org.owasp.benchmark.helpers.Utils.TESTFILES_DIR + param;,fileName = org.owasp.benchmark.helpers.Utils.getSafeFilePath(param);,The code is vulnerable to Path Traversal attack as it directly concatenates user input to the file path. The fix involves using a method that ensures the file path is safe to prevent directory traversal attacks.,,,
True,True,True,pathtraver,Yes,Path Traversal,fileName = org.owasp.benchmark.helpers.Utils.TESTFILES_DIR + param;,"fileName = new java.io.File(org.owasp.benchmark.helpers.Utils.TESTFILES_DIR, param).getCanonicalPath();",The vulnerable code is susceptible to Path Traversal attack. The fix ensures that the file path is properly sanitized and prevents directory traversal attacks.,,,
True,False,True,hash,Yes,Cookie Security Issue,"userCookie.setPath(request.getRequestURI());
userCookie.setDomain(new java.net.URL(request.getRequestURL().toString()).getHost();","// Fix for setting cookie path and domain
userCookie.setPath(""/"");
userCookie.setDomain(request.getServerName());","The vulnerable code sets the cookie path and domain based on user input, which can lead to security vulnerabilities. The code fix sets the cookie path to '/' and the domain to the server name to improve security.",,,
True,False,True,trustbound,Yes,Insecure Cookie Handling,userCookie.setDomain(new java.net.URL(request.getRequestURL().toString()).getHost());,"// Fix: Set the domain of the cookie to a specific domain
userCookie.setDomain(""example.com"");","The code is vulnerable to insecure cookie handling by setting the cookie domain dynamically based on the request URL, which can lead to security issues. The fix suggests setting the domain of the cookie to a specific domain to mitigate the vulnerability.",,,
True,True,True,crypto,Yes,Hardcoded Encryption Key,"java.security.SecureRandom random = new java.security.SecureRandom();
byte[] iv = random.generateSeed(8); // DES requires 8 byte keys","// Generate a secure random initialization vector
byte[] iv = new byte[8];
new SecureRandom().nextBytes(iv);",The code uses a random initialization vector generation method that is not secure. It should use a secure random initialization vector generation method to prevent cryptographic vulnerabilities.,,,
True,False,True,cmdi,Yes,Command Injection,"argList.add(""cmd.exe"");","argList.add(""cmd.exe"");",The code is vulnerable to Command Injection as it directly adds user input to the command list. The fix is to sanitize and validate the input before adding it to the command list.,,,
True,False,True,cmdi,Yes,Command Injection,"Process p = r.exec(args, argsEnv);",Process p = r.exec(args);,"The vulnerable code is susceptible to command injection as it is executing a command with arguments and environment variables. By removing the environment variables from the exec method, the risk of command injection can be mitigated.",,,
True,False,True,sqli,Yes,SQL Injection,"String sql = ""{call "" + param + ""}"";","String sql = ""{call ?}"";","The vulnerable code is susceptible to SQL Injection as it directly concatenates user input into the SQL query. By using parameterized queries and replacing the user input with placeholders, we can prevent SQL Injection attacks.",,,
True,False,False,hash,Yes,Hardcoded Encryption Key,"md = java.security.MessageDigest.getInstance(""sha-384"", ""SUN"");","md = java.security.MessageDigest.getInstance(""sha-384"");",The code is using a hardcoded encryption provider 'SUN' which can be a security risk. It's recommended to remove the provider argument and let the JVM choose the appropriate provider based on the security configuration.,,,
True,False,False,weakrand,Yes,Insecure Randomness,"int randNumber = java.security.SecureRandom.getInstance(""SHA1PRNG"").nextInt(99);","SecureRandom random = new SecureRandom();
byte[] bytes = new byte[16];
random.nextBytes(bytes);
int randNumber = Math.abs(new BigInteger(bytes).intValue()) % 99;",The code is using SHA1PRNG which is not recommended for generating random numbers. It's better to use SecureRandom with proper initialization for secure random number generation.,,,
True,True,True,pathtraver,Yes,Path Traversal,"java.io.File fileTarget = new java.io.File(param, ""/Test.txt"");","// Use a fixed directory instead of the user-supplied parameter
java.io.File fileTarget = new java.io.File(""/path/to/fixed/directory"", ""Test.txt"");",The code is vulnerable to Path Traversal attack as it constructs a file path using user-supplied input. The fix is to use a fixed directory instead of the user-supplied parameter to prevent directory traversal vulnerabilities.,,,
True,False,True,ldapi,Yes,LDAP Injection,"String filter = ""(&(objectclass=person))(|(uid="" + param + "")(street={0}))"";","String filter = ""(&(objectclass=person))(|(uid="" + java.text.Normalizer.normalize(param, java.text.Normalizer.Form.NFKC) + "")(street={0}))"";",The code is vulnerable to LDAP Injection as the 'param' variable is directly concatenated into the LDAP filter string. The fix involves using normalization to prevent LDAP Injection by using java.text.Normalizer.normalize() method with Form.NFKC normalization form.,,,
True,True,True,xss,Yes,Cross-Site Scripting (XSS),"response.getWriter().format(java.util.Locale.US, param, obj);",response.getWriter().write(param);,The vulnerable code is using response.getWriter().format() which can lead to Cross-Site Scripting (XSS) attacks. The fix is to use response.getWriter().write() instead to prevent XSS vulnerabilities.,,,
True,True,True,xss,Yes,Cross-Site Scripting (XSS),"response.getWriter().format(param, obj);",response.getWriter().write(param);,"The code is vulnerable to Cross-Site Scripting (XSS) attack as it directly writes user input to the response. The fix is to use response.getWriter().write(param) instead of response.getWriter().format(param, obj) to prevent XSS vulnerability.",,,
True,False,True,cmdi,Yes,Command Injection,"argList.add(""cmd.exe"");","argList.add(""cmd.exe"");",The code is vulnerable to Command Injection as it directly adds command arguments without proper validation. The fix is to validate and sanitize the input before adding it to the command list.,,,
True,False,False,securecookie,Yes,Sensitive Data Exposure,"param = java.net.URLDecoder.decode(param, ""UTF-8"");","param = java.net.URLDecoder.decode(param, StandardCharsets.UTF_8.toString());","The vulnerable code is decoding the parameter using a hardcoded character set 'UTF-8', which can lead to security vulnerabilities. It is recommended to use 'StandardCharsets.UTF_8.toString()' to decode the parameter securely.",,,
True,False,True,cmdi,Yes,Command Injection,Process p = r.exec(cmd + param);,"Process p = r.exec(new String[]{""sh"", ""-c"", cmd + param});","The vulnerable code is susceptible to command injection vulnerability as it directly concatenates user input into the command to be executed. The fix involves using an array of strings to pass the command and parameters separately to the exec() method, reducing the risk of command injection.",,,The code is vulnerable to command injection due to direct concatenation of user input into the command to be executed.
True,False,True,sqli,Yes,SQL Injection,"String sql = ""INSERT INTO users (username, password) VALUES ('foo','"" + param + ""')"";",Use PreparedStatement with parameterized queries to prevent SQL Injection vulnerabilities.,"The code is vulnerable to SQL Injection. By directly concatenating user input into the SQL query, it opens up the possibility of SQL Injection attacks. The recommended fix is to use PreparedStatement with parameterized queries to prevent SQL Injection vulnerabilities.",,,
True,True,True,crypto,Yes,Hardcoded Encryption Key,"javax.crypto.SecretKey key = javax.crypto.KeyGenerator.getInstance(""DES"").generateKey();","// Generate a secure random key
javax.crypto.KeyGenerator keyGen = javax.crypto.KeyGenerator.getInstance(""AES"");
keyGen.init(128);
javax.crypto.SecretKey key = keyGen.generateKey();",The code uses a hardcoded key for encryption which is a security vulnerability. It is recommended to generate a secure random key instead of using a hardcoded key.,,,
True,True,True,crypto,Yes,Hardcoded Encryption Key,"java.security.SecureRandom random = new java.security.SecureRandom();
byte[] iv = random.generateSeed(8); // DES requires 8 byte keys","// Generate a secure random initialization vector
SecureRandom random = new SecureRandom();
byte[] iv = new byte[8];
random.nextBytes(iv);",The code uses a hardcoded initialization vector which is not secure. It should generate a secure random initialization vector instead.,,,
True,False,True,ldapi,Yes,LDAP Injection,"String param = request.getParameter(""BenchmarkTest00021"");","String param = ESAPI.encoder().encodeForLDAP(request.getParameter(""BenchmarkTest00021""));",The code is vulnerable to LDAP Injection as the parameter value is directly used in the LDAP query without proper encoding. The fix involves encoding the parameter value using ESAPI encoder before using it in the LDAP query.,,,
True,False,False,hash,Yes,Injection Vulnerability,"String param = request.getParameter(""BenchmarkTest00022"");","String param = request.getParameter(""BenchmarkTest00022"").replaceAll(""[^a-zA-Z0-9]"","""");",The code is vulnerable to Injection attacks as it directly uses the user input without validation. The fix includes filtering out non-alphanumeric characters from the input parameter.,,,
True,False,True,weakrand,Yes,Insecure Randomness,float rand = new java.util.Random().nextFloat();,"SecureRandom random = new SecureRandom();
byte[] randomBytes = new byte[16];
random.nextBytes(randomBytes);
String rememberMeKey = DatatypeConverter.printHexBinary(randomBytes);",The code is using java.util.Random which is not secure for generating cryptographic keys. It should be replaced with SecureRandom for secure randomness generation.,,,
True,False,True,sqli,Yes,SQL Injection,"String sql = ""SELECT * from USERS where USERNAME=? and PASSWORD='"" + param + ""'"";","String sql = ""SELECT * from USERS where USERNAME=? and PASSWORD=?"";",The code is vulnerable to SQL Injection as it directly concatenates user input into the SQL query. The fix is to use parameterized queries to prevent SQL Injection attacks.,,,
True,False,True,sqli,Yes,SQL Injection,"String sql = ""SELECT userid from USERS where USERNAME='foo' and PASSWORD='"" + param + ""'"";","String sql = ""SELECT userid from USERS where USERNAME='foo' and PASSWORD=?"";",The code is vulnerable to SQL Injection as it directly concatenates user input into the SQL query. The fix is to use parameterized queries to prevent SQL Injection attacks.,,,
True,False,True,sqli,Yes,SQL Injection,"String sql = ""SELECT  * from USERS where USERNAME='foo' and PASSWORD='"" + param + ""'"";","String sql = ""SELECT  * from USERS where USERNAME='foo' and PASSWORD=?"";",The code is vulnerable to SQL Injection due to directly concatenating user input into the SQL query. The fix is to use parameterized queries to prevent SQL Injection attacks.,,,
True,False,True,sqli,Yes,SQL Injection,"String sql = ""INSERT INTO users (username, password) VALUES ('foo','"" + param + ""')"";","String sql = ""INSERT INTO users (username, password) VALUES (?, ?)"";",The code is vulnerable to SQL Injection as it directly concatenates user input into the SQL query. The fix is to use parameterized queries to prevent SQL Injection attacks.,,,
True,True,True,pathtraver,Yes,Path Traversal,fileName = org.owasp.benchmark.helpers.Utils.TESTFILES_DIR + param;,fileName = org.owasp.benchmark.helpers.Utils.getSafeFilePath(param);,The vulnerable code is susceptible to path traversal attacks as it directly concatenates user input with a file path. The fix ensures that the file path is safe and prevents directory traversal attacks.,,,
True,False,True,hash,Yes,Code Injection,inputParam instanceof String,Use proper input validation and sanitization techniques to prevent code injection vulnerabilities.,The vulnerable code allows for potential code injection attacks by not properly validating and sanitizing user input. It is recommended to validate and sanitize all user input to prevent code injection vulnerabilities.,,,
True,True,True,xss,Yes,Cross-Site Scripting (XSS),"response.getWriter().printf(param, obj);",response.getWriter().write(param);,"The vulnerable code is susceptible to Cross-Site Scripting (XSS) attack. The fix is to use response.getWriter().write(param) instead of response.getWriter().printf(param, obj) to prevent XSS vulnerability.",,,
True,False,True,trustbound,Yes,Sensitive Data Exposure,"request.getSession().putValue(""userid"", param);","request.getSession().setAttribute(""userid"", param);","The code is storing sensitive data directly in the session using putValue method, which is not recommended. It's better to use setAttribute method to store sensitive data in the session.",,,
True,False,True,sqli,Yes,SQL Injection,"String sql = ""SELECT * from USERS where USERNAME='foo' and PASSWORD='"" + param + ""'"";","String sql = ""SELECT * from USERS where USERNAME='foo' and PASSWORD=?"";",The vulnerable code is susceptible to SQL Injection attacks as it directly concatenates user input into the SQL query. The code fix replaces the concatenation with a parameterized query to prevent SQL Injection vulnerabilities.,,,
True,False,True,sqli,Yes,SQL Injection,"String sql = ""SELECT  * from USERS where USERNAME='foo' and PASSWORD='"" + param + ""'"";","String sql = ""SELECT  * from USERS where USERNAME='foo' and PASSWORD=?"";",The code is vulnerable to SQL Injection as it directly concatenates user input into the SQL query. The fix is to use parameterized queries to prevent SQL Injection attacks.,,,
True,False,True,sqli,Yes,SQL Injection,"String sql = ""SELECT * from USERS where USERNAME='foo' and PASSWORD='"" + param + ""'"";","String sql = ""SELECT * from USERS where USERNAME='foo' and PASSWORD=?"";",The code is vulnerable to SQL Injection as it directly concatenates user input into the SQL query. The fix is to use parameterized queries to prevent SQL injection attacks.,,No,
True,True,True,crypto,Yes,Hardcoded Encryption Key,"javax.crypto.SecretKey key = javax.crypto.KeyGenerator.getInstance(""DES"").generateKey();","// Generate a secure random key instead of using a hardcoded key
javax.crypto.SecretKey key = javax.crypto.KeyGenerator.getInstance(""AES"").generateKey();",The code uses a hardcoded encryption key which is a security vulnerability. It's recommended to generate a secure random key instead of using a hardcoded key.,,,
True,True,True,xss,Yes,Cross-Site Scripting (XSS),"response.getWriter().write(param.toCharArray(), 0, length);","response.getWriter().write(param, 0, length);","The vulnerable code is susceptible to Cross-Site Scripting (XSS) attack as it directly writes the parameter to the response. The fix involves removing the unnecessary conversion to char array before writing to the response, which helps prevent XSS attacks by properly encoding the output.",,,
True,False,True,sqli,Yes,SQL Injection,"String sql = ""SELECT * from USERS where USERNAME=? and PASSWORD='"" + param + ""'"";","String sql = ""SELECT * from USERS where USERNAME=? and PASSWORD=?"";",The code is vulnerable to SQL Injection as it directly concatenates user input into the SQL query. The fix is to use parameterized queries to prevent SQL injection attacks.,,,
True,False,True,sqli,Yes,SQL Injection,"String sql = ""SELECT * from USERS where USERNAME='foo' and PASSWORD='"" + param + ""'"";","String sql = ""SELECT * from USERS where USERNAME='foo' and PASSWORD=?"";",The code is vulnerable to SQL Injection as it directly concatenates the 'param' value into the SQL query. The fix is to use parameterized queries to prevent SQL Injection vulnerabilities.,,,
True,False,True,sqli,Yes,SQL Injection,"String sql = ""SELECT TOP 1 userid from USERS where USERNAME='foo' and PASSWORD='"" + param + ""'"";","String sql = ""SELECT TOP 1 userid from USERS where USERNAME='foo' and PASSWORD=?"";",The code is vulnerable to SQL Injection as it directly concatenates user input into the SQL query. The fix is to use parameterized queries to prevent SQL Injection.,,No issues found,
True,True,True,pathtraver,Yes,Path Traversal,java.io.File fileTarget = new java.io.File(param);,"String safeDirectory = ""/path/to/safe/directory/"";
String safeParam = safeDirectory + param;
java.io.File fileTarget = new java.io.File(safeParam);",The code is vulnerable to Path Traversal attack as it directly uses the user input 'param' to create a file object. The fix involves defining a safe directory path and appending the user input to it before creating the file object.,,,
True,True,True,xss,Yes,Cross-Site Scripting (XSS),"response.getWriter().write(param, 0, length);","response.getWriter().write(param, 0, length);","The vulnerable code is susceptible to Cross-Site Scripting (XSS) attacks as it directly writes user input to the response without proper encoding. To fix this, the user input should be properly sanitized and encoded before writing it to the response.",,,
True,True,False,weakrand,Yes,Weak Randomness,"int r = java.security.SecureRandom.getInstance(""SHA1PRNG"").nextInt();","SecureRandom random = SecureRandom.getInstanceStrong();
byte[] bytes = new byte[4];
random.nextBytes(bytes);
int r = ByteBuffer.wrap(bytes).getInt();",Replace the usage of SHA1PRNG which is considered weak with a stronger random number generator.,,,
True,False,True,sqli,Yes,SQL Injection,"String sql = ""INSERT INTO users (username, password) VALUES ('foo','"" + param + ""')"";","PreparedStatement statement = org.owasp.benchmark.helpers.DatabaseHelper.getConnection().prepareStatement(""INSERT INTO users (username, password) VALUES ('foo', ?)"");
statement.setString(1, param);",The code is vulnerable to SQL Injection as it directly concatenates user input into the SQL query. The fix involves using prepared statements to safely insert user input into the SQL query.,,,
True,False,True,ldapi,Yes,LDAP Injection,"String filter = ""(&(objectclass=person)(uid="" + param + ""))"";","String filter = ""(&(objectclass=person)(uid="" + javax.naming.directory.DirContext.escape(param) + ""))"";",The code is vulnerable to LDAP Injection as the parameter 'param' is directly concatenated into the LDAP filter. The fix is to use the 'escape' method from 'javax.naming.directory.DirContext' to properly escape the parameter value before concatenating it into the filter.,,,
True,True,True,pathtraver,Yes,Path Traversal,java.io.FileOutputStream fos = new java.io.FileOutputStream(new java.io.FileInputStream(fileName).getFD());,java.io.FileOutputStream fos = new java.io.FileOutputStream(new java.io.File(fileName));,The code is vulnerable to Path Traversal attack due to directly using the file name from the request parameter. The fix involves creating a File object with the file name to prevent path traversal vulnerability.,,,
True,False,True,hash,Yes,Hardcoded cryptographic key,"java.security.MessageDigest.getInstance(""MD5"")","java.security.MessageDigest.getInstance(""SHA-256"")",The code is using a weak cryptographic algorithm (MD5) which is vulnerable to attacks. It should be replaced with a stronger algorithm like SHA-256.,,,
True,True,True,xss,Yes,Cross-Site Scripting (XSS),"response.getWriter().format(param, obj);",response.getWriter().write(param);,The vulnerable code is susceptible to Cross-Site Scripting (XSS) attacks. The fix replaces the vulnerable code with a safer alternative that writes the parameter directly to the response without formatting it as potential script content.,,,
True,True,True,xss,Yes,Cross-Site Scripting (XSS),response.getWriter().print(param.toCharArray());,"response.getWriter().print(java.net.URLEncoder.encode(param, ""UTF-8""));",The vulnerable code is susceptible to Cross-Site Scripting (XSS) attacks as it directly prints user input without encoding. The fix involves encoding the 'param' variable before printing it to the response.,,,
True,True,True,xss,Yes,Cross-Site Scripting (XSS),"response.getWriter().write(""Parameter value: "" + param);","response.getWriter().write(""Parameter value: "" + org.owasp.encoder.Encode.forHtml(param));",The code is vulnerable to Cross-Site Scripting (XSS) as it directly writes user input to the response. The fix involves encoding the parameter value using an encoder like OWASP Encoder to prevent XSS attacks.,,,
True,True,True,crypto,Yes,Hardcoded Encryption Key,byte[] iv = random.generateSeed(8); // DES requires 8 byte keys,"// Generate a random initialization vector
java.security.SecureRandom random = new java.security.SecureRandom();
byte[] iv = new byte[8];
random.nextBytes(iv);",The code uses a hardcoded initialization vector which can weaken the encryption. It's recommended to generate a random initialization vector for each encryption operation.,,,
